多元金融,http://data.eastmoney.com/bkzj/BK0738.html,新力金融,http://data.eastmoney.com/bkzj/600318.html
券商信托,http://data.eastmoney.com/bkzj/BK0473.html,国元证券,http://data.eastmoney.com/bkzj/000728.html
农药兽药,http://data.eastmoney.com/bkzj/BK0730.html,长青股份,http://data.eastmoney.com/bkzj/002391.html
化肥行业,http://data.eastmoney.com/bkzj/BK0731.html,六国化工,http://data.eastmoney.com/bkzj/600470.html
房地产,http://data.eastmoney.com/bkzj/BK0451.html,中天金融,http://data.eastmoney.com/bkzj/000540.html
有色金属,http://data.eastmoney.com/bkzj/BK0478.html,云南锗业,http://data.eastmoney.com/bkzj/002428.html
电子元件,http://data.eastmoney.com/bkzj/BK0459.html,智动力,http://data.eastmoney.com/bkzj/300686.html
通讯行业,http://data.eastmoney.com/bkzj/BK0448.html,天邑股份,http://data.eastmoney.com/bkzj/300504.html
电子信息,http://data.eastmoney.com/bkzj/BK0447.html,共进股份,http://data.eastmoney.com/bkzj/603118.html
银行,http://data.eastmoney.com/bkzj/BK0475.html,平安银行,http://data.eastmoney.com/bkzj/000001.html
民航机场,http://data.eastmoney.com/bkzj/BK0420.html,春秋航空,http://data.eastmoney.com/bkzj/601021.html
保险,http://data.eastmoney.com/bkzj/BK0474.html,中国太保,http://data.eastmoney.com/bkzj/601601.html
专用设备,http://data.eastmoney.com/bkzj/BK0910.html,北玻股份,http://data.eastmoney.com/bkzj/002613.html
钢铁行业,http://data.eastmoney.com/bkzj/BK0479.html,本钢板材,http://data.eastmoney.com/bkzj/000761.html
家电行业,http://data.eastmoney.com/bkzj/BK0456.html,朗迪集团,http://data.eastmoney.com/bkzj/603726.html
航天航空,http://data.eastmoney.com/bkzj/BK0480.html,海特高新,http://data.eastmoney.com/bkzj/002023.html
化工行业,http://data.eastmoney.com/bkzj/BK0538.html,金浦钛业,http://data.eastmoney.com/bkzj/000545.html
农牧饲渔,http://data.eastmoney.com/bkzj/BK0433.html,牧原股份,http://data.eastmoney.com/bkzj/002714.html
水泥建材,http://data.eastmoney.com/bkzj/BK0424.html,四川金顶,http://data.eastmoney.com/bkzj/600678.html
金属制品,http://data.eastmoney.com/bkzj/BK0739.html,中房股份,http://data.eastmoney.com/bkzj/600890.html
材料行业,http://data.eastmoney.com/bkzj/BK0537.html,有研新材,http://data.eastmoney.com/bkzj/600206.html
工程建设,http://data.eastmoney.com/bkzj/BK0425.html,华阳国际,http://data.eastmoney.com/bkzj/002949.html
综合行业,http://data.eastmoney.com/bkzj/BK0539.html,金宇车城,http://data.eastmoney.com/bkzj/000803.html
输配电气,http://data.eastmoney.com/bkzj/BK0457.html,和顺电气,http://data.eastmoney.com/bkzj/300141.html
高速公路,http://data.eastmoney.com/bkzj/BK0421.html,粤高速Ａ,http://data.eastmoney.com/bkzj/000429.html
造纸印刷,http://data.eastmoney.com/bkzj/BK0470.html,鸿博股份,http://data.eastmoney.com/bkzj/002229.html
机械行业,http://data.eastmoney.com/bkzj/BK0545.html,海陆重工,http://data.eastmoney.com/bkzj/002255.html
电力行业,http://data.eastmoney.com/bkzj/BK0428.html,麦格米特,http://data.eastmoney.com/bkzj/002851.html
商业百货,http://data.eastmoney.com/bkzj/BK0482.html,三夫户外,http://data.eastmoney.com/bkzj/002780.html
仪器仪表,http://data.eastmoney.com/bkzj/BK0458.html,科陆电子,http://data.eastmoney.com/bkzj/002121.html
煤炭采选,http://data.eastmoney.com/bkzj/BK0437.html,新集能源,http://data.eastmoney.com/bkzj/601918.html
装修装饰,http://data.eastmoney.com/bkzj/BK0725.html,方大集团,http://data.eastmoney.com/bkzj/000055.html
食品饮料,http://data.eastmoney.com/bkzj/BK0438.html,好想你,http://data.eastmoney.com/bkzj/002582.html
安防设备,http://data.eastmoney.com/bkzj/BK0735.html,安居宝,http://data.eastmoney.com/bkzj/300155.html
木业家具,http://data.eastmoney.com/bkzj/BK0476.html,志邦家居,http://data.eastmoney.com/bkzj/603801.html
园林工程,http://data.eastmoney.com/bkzj/BK0726.html,东珠生态,http://data.eastmoney.com/bkzj/603359.html
港口水运,http://data.eastmoney.com/bkzj/BK0450.html,秦港股份,http://data.eastmoney.com/bkzj/601326.html
汽车行业,http://data.eastmoney.com/bkzj/BK0481.html,北特科技,http://data.eastmoney.com/bkzj/603009.html
包装材料,http://data.eastmoney.com/bkzj/BK0733.html,海顺新材,http://data.eastmoney.com/bkzj/300501.html
医药制造,http://data.eastmoney.com/bkzj/BK0465.html,博瑞医药,http://data.eastmoney.com/bkzj/688166.html
多元金融,http://data.eastmoney.com/bkzj/BK0738.html,新力金融,http://data.eastmoney.com/bkzj/600318.html
券商信托,http://data.eastmoney.com/bkzj/BK0473.html,国元证券,http://data.eastmoney.com/bkzj/000728.html
农药兽药,http://data.eastmoney.com/bkzj/BK0730.html,长青股份,http://data.eastmoney.com/bkzj/002391.html
化肥行业,http://data.eastmoney.com/bkzj/BK0731.html,六国化工,http://data.eastmoney.com/bkzj/600470.html
房地产,http://data.eastmoney.com/bkzj/BK0451.html,中天金融,http://data.eastmoney.com/bkzj/000540.html
有色金属,http://data.eastmoney.com/bkzj/BK0478.html,云南锗业,http://data.eastmoney.com/bkzj/002428.html
电子元件,http://data.eastmoney.com/bkzj/BK0459.html,智动力,http://data.eastmoney.com/bkzj/300686.html
通讯行业,http://data.eastmoney.com/bkzj/BK0448.html,天邑股份,http://data.eastmoney.com/bkzj/300504.html
电子信息,http://data.eastmoney.com/bkzj/BK0447.html,共进股份,http://data.eastmoney.com/bkzj/603118.html
银行,http://data.eastmoney.com/bkzj/BK0475.html,平安银行,http://data.eastmoney.com/bkzj/000001.html
民航机场,http://data.eastmoney.com/bkzj/BK0420.html,春秋航空,http://data.eastmoney.com/bkzj/601021.html
保险,http://data.eastmoney.com/bkzj/BK0474.html,中国太保,http://data.eastmoney.com/bkzj/601601.html
专用设备,http://data.eastmoney.com/bkzj/BK0910.html,北玻股份,http://data.eastmoney.com/bkzj/002613.html
钢铁行业,http://data.eastmoney.com/bkzj/BK0479.html,本钢板材,http://data.eastmoney.com/bkzj/000761.html
家电行业,http://data.eastmoney.com/bkzj/BK0456.html,朗迪集团,http://data.eastmoney.com/bkzj/603726.html
航天航空,http://data.eastmoney.com/bkzj/BK0480.html,海特高新,http://data.eastmoney.com/bkzj/002023.html
化工行业,http://data.eastmoney.com/bkzj/BK0538.html,金浦钛业,http://data.eastmoney.com/bkzj/000545.html
农牧饲渔,http://data.eastmoney.com/bkzj/BK0433.html,牧原股份,http://data.eastmoney.com/bkzj/002714.html
水泥建材,http://data.eastmoney.com/bkzj/BK0424.html,四川金顶,http://data.eastmoney.com/bkzj/600678.html
金属制品,http://data.eastmoney.com/bkzj/BK0739.html,中房股份,http://data.eastmoney.com/bkzj/600890.html
多元金融,http://data.eastmoney.com/bkzj/BK0738.html,新力金融,http://data.eastmoney.com/bkzj/600318.html
券商信托,http://data.eastmoney.com/bkzj/BK0473.html,国元证券,http://data.eastmoney.com/bkzj/000728.html
农药兽药,http://data.eastmoney.com/bkzj/BK0730.html,长青股份,http://data.eastmoney.com/bkzj/002391.html
化肥行业,http://data.eastmoney.com/bkzj/BK0731.html,六国化工,http://data.eastmoney.com/bkzj/600470.html
房地产,http://data.eastmoney.com/bkzj/BK0451.html,中天金融,http://data.eastmoney.com/bkzj/000540.html
有色金属,http://data.eastmoney.com/bkzj/BK0478.html,云南锗业,http://data.eastmoney.com/bkzj/002428.html
电子元件,http://data.eastmoney.com/bkzj/BK0459.html,智动力,http://data.eastmoney.com/bkzj/300686.html
通讯行业,http://data.eastmoney.com/bkzj/BK0448.html,天邑股份,http://data.eastmoney.com/bkzj/300504.html
电子信息,http://data.eastmoney.com/bkzj/BK0447.html,共进股份,http://data.eastmoney.com/bkzj/603118.html
银行,http://data.eastmoney.com/bkzj/BK0475.html,平安银行,http://data.eastmoney.com/bkzj/000001.html
民航机场,http://data.eastmoney.com/bkzj/BK0420.html,春秋航空,http://data.eastmoney.com/bkzj/601021.html
保险,http://data.eastmoney.com/bkzj/BK0474.html,中国太保,http://data.eastmoney.com/bkzj/601601.html
专用设备,http://data.eastmoney.com/bkzj/BK0910.html,北玻股份,http://data.eastmoney.com/bkzj/002613.html
钢铁行业,http://data.eastmoney.com/bkzj/BK0479.html,本钢板材,http://data.eastmoney.com/bkzj/000761.html
家电行业,http://data.eastmoney.com/bkzj/BK0456.html,朗迪集团,http://data.eastmoney.com/bkzj/603726.html
航天航空,http://data.eastmoney.com/bkzj/BK0480.html,海特高新,http://data.eastmoney.com/bkzj/002023.html
化工行业,http://data.eastmoney.com/bkzj/BK0538.html,金浦钛业,http://data.eastmoney.com/bkzj/000545.html
农牧饲渔,http://data.eastmoney.com/bkzj/BK0433.html,牧原股份,http://data.eastmoney.com/bkzj/002714.html
水泥建材,http://data.eastmoney.com/bkzj/BK0424.html,四川金顶,http://data.eastmoney.com/bkzj/600678.html
金属制品,http://data.eastmoney.com/bkzj/BK0739.html,中房股份,http://data.eastmoney.com/bkzj/600890.html
